site,subreddit,title,description,author,score,url,created_utc,num_comments,source_(interview_#/_name),link,notes
reddit,saas,5 tips I wish I knew before I completed my first SASS project,"Now that I read my post I see that title doesn't fit the text well since this is more about ""5 things I learned from building my first SAAS project"", hope you don't mind I tried my best to make it useful. 1. Think a lot before building an MVP I had an MVP idea in 30 minutes, which led me to build a simple app for test generation in about 5 months. That's a damn long time for such a simple app. I actually had a well-thought-out idea instead of an MVP when I started building, I started adding and‚Ä¶",Financial-Trust-928,4,https://reddit.com/r/SaaS/comments/1mh5cwn/5_tips_i_wish_i_knew_before_i_completed_my_first/,1754286405.0,2,reddit/saas/Financial-Trust-928,https://reddit.com/r/SaaS/comments/1mh5cwn/5_tips_i_wish_i_knew_before_i_completed_my_first/,subreddit: saas | score: 4 | comments: 2
reddit,saas,"Sent 40,000 Cold Emails for my B2B SaaS Last Month ‚Äì Here's Everything I Wish I Knew When Starting","I run a bootstrapped B2B SaaS ([which is used in Part 4 and Part 5](https://tryhumen.com/)) and after seeing ad costs skyrocket this year, I decided to double down cold email as an acquisition channel. We started testing in January with *zero* knowledge and just wrapped up May with 45,000 emails sent, averaging \~3% reply rate and 25-30% close rate on replies. It‚Äôs now a key driver of our growth, so I wanted to share what I learned ‚Äì especially for anyone starting out. If I can do it, you absol‚Ä¶",LeastDish7511,5,https://reddit.com/r/SaaS/comments/1l4f50o/sent_40000_cold_emails_for_my_b2b_saas_last_month/,1749169865.0,5,reddit/saas/LeastDish7511,https://reddit.com/r/SaaS/comments/1l4f50o/sent_40000_cold_emails_for_my_b2b_saas_last_month/,subreddit: saas | score: 5 | comments: 5
reddit,saas,"Do you still write boilerplate code for external APIs, or have you found a good workaround?","Do you still write boilerplate code for external APIs ‚Äî or have you found a smarter way around it? Every time I‚Äôve worked with third-party APIs (Stripe, Google, Slack, etc.), I feel like I‚Äôm writing the same plumbing over and over: auth setup, error handling, retry logic, pagination, data mapping‚Ä¶ rinse and repeat. Just wondering ‚Äî is everyone still doing this the manual way? Or have you found a framework, pattern, or tool that makes this process less repetitive? I‚Äôm especially curious how team‚Ä¶",DigitalMind-190719,0,https://reddit.com/r/SaaS/comments/1mbk7oo/do_you_still_write_boilerplate_code_for_external/,1753718604.0,5,reddit/saas/DigitalMind-190719,https://reddit.com/r/SaaS/comments/1mbk7oo/do_you_still_write_boilerplate_code_for_external/,subreddit: saas | score: 0 | comments: 5
reddit,saas,"PART 1: YOU MUST READ THIS, I SPENT 3 YEARS BUILDING A COMPLEX PRODUCT‚Ä¶ AND MADE ZERO SALES, ZERO MRR.","Hey, Guys My name is Vlad, and this story is not about success ‚Äî quite the opposite. This is all about: * NOT FAILING FAST * NOT UNDERSTANDING HOW MARKETING AND SALES WORK * NOT UNDERSTANDING THE TARGET AUDIENCE * NOT HAVING A PLAN FOR DISTRIBUTION * USING COMPLEX ARCHITECTURE IN THE EARLY STAGES JUST... TO HAVE IT * BEING NAIVE AND THINKING THAT SYSTEMS BASED ON SCRAPING DATA FROM OTHER SOURCES ARE EASY TO SUPPORT, MAINTAIN, AND A GOOD IDEA TO START WITH * SPENDING LITERALLY YEARS OF LIFE ON..‚Ä¶",Awkward-Bug-5686,181,https://reddit.com/r/SaaS/comments/1k20pzp/part_1_you_must_read_this_i_spent_3_years/,1744968195.0,104,reddit/saas/Awkward-Bug-5686,https://reddit.com/r/SaaS/comments/1k20pzp/part_1_you_must_read_this_i_spent_3_years/,subreddit: saas | score: 181 | comments: 104
reddit,saas,ONLY 4 fundamental ways to make money in SaaS,"After building SaaS MVPs for clients over the years, I've noticed every successful product falls into one of these categories: 1. Solve problems customers CAN'T solve themselves - Get paid $$$$ 2. Solve problems customers WON'T solve themselves - Get paid $$$ 3. Solve problems customers DON'T solve consistently - Get paid $$ 4. Solve problems customers ALREADY solve easily - Get paid $ (if you're lucky) Another way to think about it: 1. Mission-critical pain points - Premium pricing $$$$ 2. Urg‚Ä¶",Warm-Reaction-456,199,https://reddit.com/r/SaaS/comments/1lprc93/only_4_fundamental_ways_to_make_money_in_saas/,1751448347.0,33,reddit/saas/Warm-Reaction-456,https://reddit.com/r/SaaS/comments/1lprc93/only_4_fundamental_ways_to_make_money_in_saas/,subreddit: saas | score: 199 | comments: 33
reddit,saas,I Failed My First Launch ‚Äì Here's What I Learned,"I don‚Äôt have many positive tips, but I can tell you exactly how I failed. If you're launching your product, maybe this will save you from making the same mistakes. ### Product Hunt Failures: - I assumed there was a ""Launch Now"" button and waited until 12:30 PST, only to find out that you can **only schedule launches for a later date, not immediately.** - If you mess up like I did, you can **contact Product Hunt support via chat** (bottom right corner). They can manually launch it for you, but i‚Ä¶",26th_Official,95,https://reddit.com/r/SaaS/comments/1j3xc0k/i_failed_my_first_launch_heres_what_i_learned/,1741157950.0,40,reddit/saas/26th_Official,https://reddit.com/r/SaaS/comments/1j3xc0k/i_failed_my_first_launch_heres_what_i_learned/,subreddit: saas | score: 95 | comments: 40
reddit,saas,Guide: I use this prompt stack to kill weak SaaS ideas in under 30 minutes,"What‚Äôs good guys. I‚Äôve worked inside a Fortune 100 marketing function, led startups, and sat through enough $50k top-tier ad agency strategy workshops to know there‚Äôs a pretty robust (and simple) way to understand any market. Bit of research, bit of grit, bit of classic marketing principles. I‚Äôve been trying to replicate it to figure out the right angle for my own SaaS, as I‚Äôm basically terrified of being another victim to sunk cost fallacy. I‚Äôve rushed ahead before doing the build first so I‚Äôm‚Ä¶",Kbartman,67,https://reddit.com/r/SaaS/comments/1mmgww9/guide_i_use_this_prompt_stack_to_kill_weak_saas/,1754827766.0,15,reddit/saas/Kbartman,https://reddit.com/r/SaaS/comments/1mmgww9/guide_i_use_this_prompt_stack_to_kill_weak_saas/,subreddit: saas | score: 67 | comments: 15
reddit,saas,The unexpected boss fight of building a SaaS: Payment Gateways ü§¶‚Äç‚ôÇÔ∏è,"So I‚Äôm building my first SaaS (a Linktree alternative with extra features + lower pricing). Everything was going smooth ‚Äî UI, templates‚Ä¶ all fun to work on. Then I hit the *real* WTF moment: setting up the payment gateway. Stripe (and others) straight up asked me for business documents, GST, registration proofs, etc. Which makes sense if you‚Äôre already running a business‚Ä¶ but I‚Äôm literally just starting. I don‚Äôt even know yet if this will take off, so why would I register everything officially ‚Ä¶",Kanisshka12,3,https://reddit.com/r/SaaS/comments/1mtbxtp/the_unexpected_boss_fight_of_building_a_saas/,1755490245.0,14,reddit/saas/Kanisshka12,https://reddit.com/r/SaaS/comments/1mtbxtp/the_unexpected_boss_fight_of_building_a_saas/,subreddit: saas | score: 3 | comments: 14
reddit,saas,How do you scale a SaaS dev team globally without needing to hire a lawyer in every country?,"Hey, all. We're scaling our SaaS and getting more people on board. Applicants seem to mostly be from Latin America and Southeast Asia but our legal guy says we'd need ""entities"" to hire them properly. Is that true? I've not heard of that before. Also, is there maybe some kind of workaround anyone is using that might make things simpler? Thanks in advance.",Cat_Lady1001,16,https://reddit.com/r/SaaS/comments/1md4b5j/how_do_you_scale_a_saas_dev_team_globally_without/,1753875697.0,13,reddit/saas/Cat_Lady1001,https://reddit.com/r/SaaS/comments/1md4b5j/how_do_you_scale_a_saas_dev_team_globally_without/,subreddit: saas | score: 16 | comments: 13
reddit,saas,I made my own web analytics after getting fed up with GA4,"For a while, I struggled with tracking accurate visitor data on my website. Using Google Analytics, I realized that only about half of my users accepted the cookie popup. That left me with incomplete information, which was frustrating for a project I was passionate about. I started researching privacy-focused analytics tools and came across Plausible, an open-source option. It looked promising, but since my website wasn‚Äôt generating revenue, I couldn‚Äôt justify spending $9 per month just to keep‚Ä¶",Frozen-web,21,https://reddit.com/r/SaaS/comments/1h0bdeq/i_made_my_own_web_analytics_after_getting_fed_up/,1732626220.0,50,reddit/saas/Frozen-web,https://reddit.com/r/SaaS/comments/1h0bdeq/i_made_my_own_web_analytics_after_getting_fed_up/,subreddit: saas | score: 21 | comments: 50
reddit,saas,"18 months of failing to get clients on Reddit, here‚Äôs what finally worked","For the first 18 months of my SaaS, I treated Reddit like a free ad platform. My strategy got me exactly what I deserved: 0 clients and a handful of posts deleted by mods. My failed cycle looked like this: 1. Write a ""helpful"" post that was really just a thinly veiled ad for my tool. 2. Drop the link in a few subs. 3. Get ignored, downvoted, or have the post removed for self-promotion. 4. Get frustrated, wait a few months, and repeat the same stupid process. The turning point was realizing the ‚Ä¶",Extra-_-Light,2,https://reddit.com/r/SaaS/comments/1mebups/18_months_of_failing_to_get_clients_on_reddit/,1753992149.0,10,reddit/saas/Extra-_-Light,https://reddit.com/r/SaaS/comments/1mebups/18_months_of_failing_to_get_clients_on_reddit/,subreddit: saas | score: 2 | comments: 10
reddit,saas,"Comment on: 18 months of failing to get clients on Reddit, here‚Äôs what finally worked","Doubling down on keyword alerts and fast, value-first replies turns Reddit into a steady lead funnel. I‚Äôm seeing the same thing: hunting small subs for ‚Äúhow do I‚Äù or ‚Äúany tool‚Äù posts, then diving deep with practical workarounds before I even whisper my SaaS. A few tweaks made it stick. First, set up alerts so you never miss a fresh question; f5bot pings me within minutes, and Zapier pipes the thread into Slack so I can respond before the crowd. Second, save a bank of mini case studies in a doc-‚Ä¶",Key-Boat-7519,6,https://reddit.com/r/SaaS/comments/1mebups/18_months_of_failing_to_get_clients_on_reddit/n6ea5q8/,1754073472.0,0,reddit/comment/Key-Boat-7519,https://reddit.com/r/SaaS/comments/1mebups/18_months_of_failing_to_get_clients_on_reddit/n6ea5q8/,"subreddit: saas | parent: 18 months of failing to get clients on Reddit, he‚Ä¶ | score: 1 | tacit: True"
reddit,saas,WhatsApp + Instagram and Messenger integration.,"Is it technically feasible to create a SaaS that integrates Messenger and Instagram Direct with WhatsApp, so that all messages from these channels are redirected within WhatsApp and replies are replicated back to the original channel? What libraries, APIs, or workarounds do you see as the most suitable for implementing this bridge, and what would be the blocking/banning risks when using unofficial solutions?",Conscious-Set-6412,1,https://reddit.com/r/SaaS/comments/1n01s0a/whatsapp_instagram_and_messenger_integration/,1756153907.0,4,reddit/saas/Conscious-Set-6412,https://reddit.com/r/SaaS/comments/1n01s0a/whatsapp_instagram_and_messenger_integration/,subreddit: saas | score: 1 | comments: 4
reddit,saas,I'm a founder and I wrote a honest review of DocSend alternatives,"I'm Deqian, founder of Peony. If you are like me, you are also fed up with all the SEO listicles whenever you look for alternatives to anything. The problem with tech folks is that they are too focused on the tech and often forget that, at the end of the day, business is all about trust. So, I wanted to do things differently and give you an honest review of the secure file-sharing landscape. You may walk away, finding Peony not to be the best fit, and that's totally fine. My goal here is to sha‚Ä¶",mr_baibaibai,2,https://reddit.com/r/SaaS/comments/1ll5z1c/im_a_founder_and_i_wrote_a_honest_review_of/,1750958471.0,14,reddit/saas/mr_baibaibai,https://reddit.com/r/SaaS/comments/1ll5z1c/im_a_founder_and_i_wrote_a_honest_review_of/,subreddit: saas | score: 2 | comments: 14
reddit,saas,"I Spent Months Helping SaaS Founders Get Their First 10 Users, Here‚Äôs What Actually Works (And What‚Äôs a Waste of Time)","Most SaaS founders launch their product‚Ä¶ and then get stuck. **They think:** ""If I build it, they will come."" (They won‚Äôt.) ""I‚Äôll just post on Twitter & wait."" (......) ""I need ads."" (Not yet.) After helping multiple SaaS founders, I‚Äôve seen the same mistakes over and over. Here‚Äôs what actually works to get your first 10‚Äì50 users without burning cash on ads: **1. Find People Already Complaining About the Problem** * Search Reddit & Twitter for *""How do I solve \[pain point\]?""* * Look at Produc‚Ä¶",Swimming-Food-748,289,https://reddit.com/r/SaaS/comments/1j8y7ao/i_spent_months_helping_saas_founders_get_their/,1741718675.0,120,reddit/saas/Swimming-Food-748,https://reddit.com/r/SaaS/comments/1j8y7ao/i_spent_months_helping_saas_founders_get_their/,subreddit: saas | score: 289 | comments: 120
reddit,saas,"How I Built, Launched and Hit #1 on Product Hunt to get 1,000+ New Users","Last weekend, I launched my latest app ‚Äî [Checklist Genie,](https://www.checklistgenie.app) a voice and AI-powered checklist app for iOS. I was aiming for a top 10 spot, maybe top 5 if things went really well‚Ä¶ but it ended up hitting **#1 Product of the Day** with **646 upvotes** and over **1,000 downloads on launch day**. Here's a quick breakdown of my experience. # WHY CHECKLIST GENIE: People always ask me, ‚ÄúWhy build another checklist / to-do app? Didn‚Äôt you already make Dope Notes and Aloha‚Ä¶",Newsmeister,71,https://reddit.com/r/SaaS/comments/1m9cktu/how_i_built_launched_and_hit_1_on_product_hunt_to/,1753481670.0,51,reddit/saas/Newsmeister,https://reddit.com/r/SaaS/comments/1m9cktu/how_i_built_launched_and_hit_1_on_product_hunt_to/,subreddit: saas | score: 71 | comments: 51
reddit,saas,"PART 1: YOU MUST READ THIS, I SPENT 3 YEARS BUILDING A COMPLEX PRODUCT‚Ä¶ AND MADE ZERO SALES, ZERO MRR.","Hey, Guys My name is Vlad, and this story is not about success ‚Äî quite the opposite. This is all about: * NOT FAILING FAST * NOT UNDERSTANDING HOW MARKETING AND SALES WORK * NOT UNDERSTANDING THE TARGET AUDIENCE * NOT HAVING A PLAN FOR DISTRIBUTION * USING COMPLEX ARCHITECTURE IN THE EARLY STAGES JUST... TO HAVE IT * BEING NAIVE AND THINKING THAT SYSTEMS BASED ON SCRAPING DATA FROM OTHER SOURCES ARE EASY TO SUPPORT, MAINTAIN, AND A GOOD IDEA TO START WITH * SPENDING LITERALLY YEARS OF LIFE ON..‚Ä¶",Awkward-Bug-5686,177,https://reddit.com/r/SaaS/comments/1k20pzp/part_1_you_must_read_this_i_spent_3_years/,1744968195.0,104,reddit/saas/Awkward-Bug-5686,https://reddit.com/r/SaaS/comments/1k20pzp/part_1_you_must_read_this_i_spent_3_years/,subreddit: saas | score: 177 | comments: 104
