description,rationale,use_case,impact_area,transferability_score,actionability_rating,evidence_strength,type_(form),tag_(application),unique?,role,function,company,industry,country,date,source_(interview_#/_name),link,notes
"Managing projects feels like solving a complex puzzle with pieces that keep shifting. Poor communication and unclear handoffs cause delivery failures without a centralized system. When agencies lack clear visibility, they waste hours in status meetings instead of doing the real work. In short, disorganized project management drains productivity. But agencies can change that. The first steps on how to organize projects involve understanding your current chaos and gradually introducing structure. ...",,,,,,Anecdotal,pattern,,,,,,,,2025-08-19,devto/projectmanagement,https://dev.to/hardikbhawsar/how-to-organize-projects-in-marketing-agencies-that-handle-multiple-clients-1f3a,"Tag: projectmanagement, Reactions: 0, Title: How to Organize Projects in Marketing Agencies That Handle Multiple Clients"
"--- title: ""Wallinter-Hybrid: A New Protocol for Human-AI Collaboration"" description: ""Discover Wallinter-Hybrid, a modular protocol that transforms AI from an automation tool into a strategic co-author for any project."" tags: [""ai"", ""opensource"", ""research"",""projectmanagement""] canonical_url: https://github.com/wallinters/wallinter-hybrid-IAProtocol --- Wallinter-Hybrid: A New Protocol for Human-AI Collaboration In the age of artificial intelligence, the way we interact with machines is evolvin...",,,,,,Anecdotal,pattern,,,,,,,,2025-08-18,devto/projectmanagement,https://dev.to/wallinters/wallinter-hybrid-a-new-protocol-for-human-ai-collaboration-1hpa,"Tag: projectmanagement, Reactions: 0, Title: Wallinter-Hybrid: A New Protocol for Human-AI Collaboration"
"Crafting the Perfect Project Outline: Your Blueprint for Success Creating a solid project outline can be likened to drafting a constitution for your project‚Äîit's the key document that defines your goals, scope, and deliverables before any work begins. A well-structured outline not only transforms a mere idea into a concrete plan but also ensures that every team member is aligned and ready to contribute effectively. Why a Solid Project Outline Is Non-Negotiable Most project failures stem from a l...",,,,,,Anecdotal,pattern,,,,,,,,2025-08-17,devto/projectmanagement,https://dev.to/fluidwave/mastering-the-project-outline-format-for-success-56b8,"Tag: projectmanagement, Reactions: 0, Title: Mastering the Project Outline Format for Success"
"Navigating the World of Top-Down Estimates When embarking on a new project, having a detailed plan is ideal, but often, you start with just a big idea. That's where top-down estimates come into play, acting as a quick and effective way to gauge feasibility and set the stage for further planning. What Are Top Down Estimates and Why They Matter Top-down estimates provide an overview of a project's total scope, allowing you to break down costs and timelines without delving into the minutiae right a...",,,,,,Anecdotal,pattern,,,,,,,,2025-08-17,devto/projectmanagement,https://dev.to/microestimates/top-down-estimates-for-accurate-project-forecasting-1e13,"Tag: projectmanagement, Reactions: 0, Title: Top Down Estimates for Accurate Project Forecasting"
"Setting priorities in your marketing strategy is the backbone of achieving consistent, measurable results. Without a clear focus, businesses often fall into the trap of ""random acts of marketing"" (RAM) - scattered efforts that lack direction and fail to drive meaningful outcomes. By mastering time management strategies and prioritizing high-impact marketing tasks, you can align your efforts with your business goals, optimize resources, and boost your return on investment (ROI). This comprehensiv...",,,,,,Anecdotal,pattern,,,,,,,,2025-08-14,devto/projectmanagement,https://dev.to/taskford/how-to-set-priority-in-your-marketing-strategy-and-avoid-random-acts-of-marketing-gj0,"Tag: projectmanagement, Reactions: 0, Title: How to Set Priority in Your Marketing Strategy and Avoid Random Acts of Marketing"
"Teamwork isn‚Äôt just a nice-to-have; it‚Äôs the engine that powers a thriving workplace. When employees collaborate with purpose, projects hum along, creativity ignites, and morale skyrockets. But building a team that clicks takes effort, smart team management tips, and thoughtful resource management. In this comprehensive guide, we unpack 10 practical strategies to promote teamwork, each loaded with actionable steps, real-world examples, and insights to help managers and leaders foster a culture o...",,,,,,Anecdotal,pattern,,,,,,,,2025-08-14,devto/projectmanagement,https://dev.to/taskford/how-to-promote-teamwork-in-the-workplace-10-practical-strategies-3ca9,"Tag: projectmanagement, Reactions: 0, Title: How to Promote Teamwork in the Workplace: 10 Practical Strategies"
"If you‚Äôre a full-stack developer, working in a dev team, or managing a company, you‚Äôve probably struggled with software projects at some point. And usually, the root cause is the same: weak project management. When planning is missing or unclear: - Deadlines slip - Developers burn out - Workflow breaks down - Code quality suffers - Projects don‚Äôt last long Why Project Management Matters Strong project management isn‚Äôt just about finishing an app ‚Äî it: - Keeps teams motivated - Speeds up the deve...",,,,,,Anecdotal,pattern,,,,,,,,2025-08-18,devto/projectmanagement,https://dev.to/junaid16_75/smarter-project-management-for-developers-and-teams-3c4,"Tag: projectmanagement, Reactions: 1, Title: Smarter Project Management for Developers and Teams"
"When projects start feeling like a tangled ball of deadlines, tasks, and ‚Äúurgent‚Äù emails‚Ä¶ chances are you‚Äôre thinking too small. Big projects don‚Äôt fail because of a lack of effort ‚Äî they fail because of poor structure. And here‚Äôs the twist: the real secret to managing large projects isn‚Äôt more tools or longer meetings. It‚Äôs learning to Think in Epics. !Image description Why ‚ÄúThinking in Epics‚Äù Changes the Game In Agile project management, an Epic is not just a fancy name for a big task. It‚Äôs a ...",,,,,,Anecdotal,pattern,,,,,,,,2025-08-14,devto/projectmanagement,https://dev.to/dct_technology/the-secret-to-managing-large-projects-think-in-epics-417f,"Tag: projectmanagement, Reactions: 0, Title: The Secret to Managing Large Projects? Think in Epics"
"--- title: ""AI as Project Manager: Automated Issue Generation That Actually Works"" published: true description: ""Watch AI systematically identify project challenges and generate 4 comprehensive GitHub issues with detailed plans - saving hours of manual project management while ensuring nothing gets overlooked."" tags: ai, projectmanagement, automation, github cover_image: https://docs.worldleadersgame.co.uk/assets/linkedin-images/ai-generated-issues-linkedin.png canonical_url: https://docs.worldl...",,,,,,Anecdotal,pattern,,,,,,,,2025-08-17,devto/projectmanagement,https://dev.to/victorsaly/ai-as-project-manager-automated-issue-generation-that-actually-works-4ci4,"Tag: projectmanagement, Reactions: 0, Title: AI as Project Manager: Automated Issue Generation That Actually Works"
"Resource optimization is the foundation of a high-performing team. It‚Äôs about using time, money, talent, and tools effectively to achieve goals with minimal waste. When executed well, resource optimization boosts productivity, reduces costs, and keeps your team motivated. This comprehensive guide explores eight practical techniques to transform how your team operates, ensuring projects run smoothly and deliver maximum value. By focusing on resource allocation and resource management, these strat...",,,,,,Anecdotal,pattern,,,,,,,,2025-08-12,devto/projectmanagement,https://dev.to/taskford/8-resource-optimization-techniques-your-team-will-thank-you-for-5afo,"Tag: projectmanagement, Reactions: 1, Title: 8 Resource Optimization Techniques Your Team Will Thank You For"
"Mastering Construction Management: The Essential Guide to a CMP A Construction Management Plan (CMP) serves as the strategic playbook for any construction project, acting as a formal document that outlines how the project will be executed, monitored, and delivered. By aligning all stakeholders on goals, timelines, and responsibilities, a CMP is the single source of truth that helps prevent chaos and miscommunication throughout the construction process. Why Every Project Needs a CMP Think of tryi...",,,,,,Anecdotal,pattern,,,,,,,,2025-08-08,devto/projectmanagement,https://dev.to/microestimates/your-guide-to-a-construction-management-plan-58dp,"Tag: projectmanagement, Reactions: 0, Title: Your Guide to a Construction Management Plan"
"Artificial intelligence (AI) is transforming project management, and AI project managers are leading this shift. These professionals blend technical expertise with leadership to deliver projects in fast-paced, tech-driven environments. As businesses increasingly adopt AI to enhance efficiency and decision-making, AI project managers need a sharp skill set to thrive. This blog explores the eight essential skills for AI project managers in 2025, highlights emerging AI trends, and explains the uniq...",,,,,,Anecdotal,pattern,,,,,,,,2025-08-08,devto/projectmanagement,https://dev.to/taskford/8-must-have-skills-for-ai-project-managers-in-2025-3efj,"Tag: projectmanagement, Reactions: 0, Title: 8 Must-Have Skills for AI Project Managers in 2025"
"A technical project manager plays a vital role in guiding complex technology projects to success. Unlike other project managers, they blend deep technical knowledge with project management skills to lead teams in fields like software development, IT infrastructure, or data science. This blog dives into what a technical project manager does, their skills, challenges, and why they‚Äôre essential in tech-driven industries. We‚Äôll also compare them to other project managers in general and explore how t...",,,,,,Anecdotal,pattern,,,,,,,,2025-08-06,devto/projectmanagement,https://dev.to/taskford/what-does-a-technical-project-manager-do-ecp,"Tag: projectmanagement, Reactions: 0, Title: What Does a Technical Project Manager Do?"
"Agile methodologies have reshaped project management, emphasizing collaboration, adaptability, and iterative progress. Central to this approach are Agile ceremonies, structured practices that guide teams through planning, execution, and reflection. These rituals are not mere meetings, they‚Äôre purposeful events that drive alignment, transparency, and continuous improvement. This blog explores the four key Agile ceremonies: Sprint Planning, Daily Standup, Sprint Review, and Sprint Retrospective. I...",,,,,,Anecdotal,pattern,,,,,,,,2025-08-05,devto/projectmanagement,https://dev.to/taskford/the-4-key-agile-ceremonies-every-team-should-master-4mj8,"Tag: projectmanagement, Reactions: 0, Title: The 4 Key Agile Ceremonies Every Team Should Master"
"!Image Image Credit: FreePixel Let me start with this: I‚Äôm not one of those productivity app junkies who tries every new tool and preaches about it. But recently, I started using a project management platform that has both AI features and client portals‚Äîand wow, it actually made a difference. Before that, managing projects felt like a chaotic juggling act. Every week I‚Äôd lose time clarifying timelines, chasing feedback, or explaining things I‚Äôd already explained in three emails. And don‚Äôt even g...",,,,,,Anecdotal,pattern,,,,,,,,2025-08-02,devto/projectmanagement,https://dev.to/azhan_j_37b6bb3896622605/how-ai-powered-project-management-tools-with-client-portals-made-me-actually-enjoy-client-work-c91,"Tag: projectmanagement, Reactions: 0, Title: How AI-Powered Project Management Tools with Client Portals Made Me Actually Enjoy Client Work"
"Setting realistic project duration goals and managing resources effectively are critical to delivering projects on time and within budget. Whether you're managing a construction project, a software development sprint, or an event, getting the timeline right and aligning resources can make or break your success. This guide walks through practical steps to estimate project duration accurately and optimize <a class=""font-medium text-blue-500 underline-none"" href=""https://taskford.com/en/blog/unders...",,,,,,Anecdotal,pattern,,,,,,,,2025-08-01,devto/projectmanagement,https://dev.to/taskford/how-to-set-realistic-project-duration-goals-and-optimize-resource-needs-5hj7,"Tag: projectmanagement, Reactions: 0, Title: How to Set Realistic Project Duration Goals and Optimize Resource Needs"
"Calculating project progress is a core skill for <a class=""font-medium text-blue-500 underline-none"" href=""https://taskford.com/en/blog/what-does-a-project-manager-do?utm_source=dev.to&utm_medium=taskford&utm_campaign=how-project-progress-is-caculated"" target=""_blank"">project managers</a> aiming to keep projects on track, meet deadlines, and satisfy stakeholders. A common question is whether to track every task or focus on milestones. Both approaches have value, but choosing the right one, or co...",,,,,,Anecdotal,pattern,,,,,,,,2025-08-01,devto/projectmanagement,https://dev.to/taskford/how-project-progress-is-calculated-do-you-track-every-task-or-focus-on-milestones-11oj,"Tag: projectmanagement, Reactions: 0, Title: How Project Progress is Calculated: Do You Track Every Task or Focus on Milestones?"
"Workforce capacity planning is the cornerstone of managing your team‚Äôs resources effectively, enabling your business to take on projects that drive growth without overwhelming employees. By assessing your team‚Äôs skills, time, and availability, you can align projects with your business goals and confidently choose the right work. This blog dives deep into workforce capacity planning, exploring its benefits, practical steps to implement it, and real-world examples to demonstrate how it transforms ...",,,,,,Anecdotal,pattern,,,,,,,,2025-08-01,devto/projectmanagement,https://dev.to/taskford/how-workforce-capacity-planning-helps-you-say-yes-to-the-right-work-lnk,"Tag: projectmanagement, Reactions: 0, Title: How Workforce Capacity Planning Helps You Say ‚ÄúYes‚Äù to the Right Work"
"A team manager is the key to a strong, successful team, guiding everyone toward shared goals while keeping the workplace positive and productive. This role mixes leadership, team resource management, and people skills to keep teams motivated and on track. In this blog, we‚Äôll cover what a team manager does, the skills needed to do well, and practical ways to boost team performance. Whether you‚Äôre new to leading or want to improve, this guide gives you clear, simple tips to succeed as a team manag...",,,,,,Anecdotal,pattern,,,,,,,,2025-08-01,devto/projectmanagement,https://dev.to/taskford/understanding-the-role-of-a-team-manager-key-skills-and-strategies-e16,"Tag: projectmanagement, Reactions: 0, Title: Understanding The Role Of A Team Manager: Key Skills And Strategies"
"A skills matrix is a clear, powerful tool that maps your team‚Äôs abilities, helping you assign tasks effectively and boost productivity. By showing who excels at what, it optimizes resource management, keeps projects on track, and engages your team. This blog explains what a skills matrix is, why it‚Äôs vital for team utilization, and how to create one step by step while giving practical examples for further understanding. What Is a Skills Matrix? A skills matrix is a visual grid showing your team‚Äô...",,,,,,Anecdotal,pattern,,,,,,,,2025-07-31,devto/projectmanagement,https://dev.to/taskford/building-a-skills-matrix-to-improve-team-utilization-5f34,"Tag: projectmanagement, Reactions: 0, Title: Building a Skills Matrix to Improve Team Utilization"
"Unlocking Team Excellence: 7 Proven Strategies for Effective Collaboration In an era where project-driven work defines success, effective teamwork is no longer just a buzzword‚Äîit's essential for innovation and productivity. But what separates high-performing teams from those that just go through the motions? This blog post dives deep into the science of collaboration, presenting seven actionable strategies designed to transform any group into a cohesive powerhouse. Key Strategies for Team Succes...",,,,,,Anecdotal,pattern,,,,,,,,2025-07-31,devto/projectmanagement,https://dev.to/fluidwave/top-effective-teamwork-strategies-to-boost-collaboration-417o,"Tag: projectmanagement, Reactions: 0, Title: Top Effective Teamwork Strategies to Boost Collaboration"
"Microsoft Project is a powerful project management tool renowned for its capabilities in planning, scheduling, and tracking complex projects. However, its high cost, steep learning curve, and limited flexibility for modern teams have prompted many to seek alternatives. In 2025, the project management software market is rich with options tailored to teams of all sizes, from startups to large enterprises. Whether you need a free tool for basic task management or a paid solution for advanced resour...",,,,,,Anecdotal,pattern,,,,,,,,2025-07-30,devto/projectmanagement,https://dev.to/taskford/best-microsoft-project-alternatives-you-should-try-in-2025-free-paid-4o2a,"Tag: projectmanagement, Reactions: 0, Title: Best Microsoft Project Alternatives You Should Try in 2025 (Free & Paid)"
"Agile capacity planning helps teams balance project demands with available resources while staying flexible in fast-changing settings. By matching team velocity with actual workloads, businesses can boost productivity, improve resource management, and deliver projects on time without overwhelming team members. This blog explores agile capacity planning, its role in project management, and practical steps to apply it. With a focus on capacity planning and resource management, we‚Äôll cover how team...",,,,,,Anecdotal,pattern,,,,,,,,2025-07-29,devto/projectmanagement,https://dev.to/taskford/agile-capacity-planning-how-to-match-team-velocity-with-real-world-workloads-27b9,"Tag: projectmanagement, Reactions: 0, Title: Agile Capacity Planning: How to Match Team Velocity with Real-World Workloads"
"Agile project management has changed how teams tackle projects, focusing on flexibility, teamwork, and steady progress. The agile project manager is the key player, guiding teams through challenges with practical skills, a clear mindset, and smart daily decisions. This blog dives into what makes an agile project manager successful, covering their core abilities, thought processes, and choices. Whether you‚Äôre new to project management or looking to improve, this guide offers clear insights to hel...",,,,,,Anecdotal,pattern,,,,,,,,2025-07-30,devto/projectmanagement,https://dev.to/taskford/inside-the-mind-of-an-agile-project-manager-skills-mindsets-and-daily-decisions-1pmk,"Tag: projectmanagement, Reactions: 0, Title: Inside the Mind of an Agile Project Manager: Skills, Mindsets, and Daily Decisions"
"Being an exceptional manager is about more than overseeing tasks or meeting deadlines. It‚Äôs about inspiring your team, guiding them toward shared goals, and creating an environment where everyone can grow and succeed. Whether you‚Äôre new to leadership or aiming to sharpen your skills, mastering key traits can elevate your ability to manage team resources and drive outstanding results. This blog explores eight essential characteristics of a great manager, offering practical insights to help you le...",,,,,,Anecdotal,pattern,,,,,,,,2025-07-28,devto/projectmanagement,https://dev.to/taskford/how-you-can-be-a-good-manager-8-key-characteristics-to-lead-a-successful-team-2bfo,"Tag: projectmanagement, Reactions: 0, Title: How You Can Be a Good Manager: 8 Key Characteristics to Lead a Successful Team"
"The field of project management is constantly evolving to address the challenges of increasingly complex systems. One methodology that has gained significant traction is Critical Chain Project Management (CCPM). By focusing on resource availability and project constraints, CCPM offers a robust framework for managing time, resources, and risk in intricate projects. This article explores how CCPM can be implemented in complex systems, blending theory with practical strategies and actionable steps....",,,,,,Anecdotal,pattern,,,,,,,,2025-07-18,devto/projectmanagement,https://dev.to/jameshaddin23/how-to-apply-critical-chain-project-management-in-complex-systems-53ao,"Tag: projectmanagement, Reactions: 0, Title: How to Apply Critical Chain Project Management in Complex Systems"
"When it comes to project management tools, the choice between Linear and Jira isn't just about features‚Äîit's about how your team works best. Do you need a lightweight, developer-friendly experience or a platform capable of handling complex workflows and extensive reporting? Understanding the nuances of each tool can help ensure your team stays productive and efficient. Let's explore the key differences, real-world applications, and how to determine which one aligns best with your organization's ...",,,,,,Anecdotal,pattern,,,,,,,,2025-07-09,devto/projectmanagement,https://dev.to/planetargon/linear-and-jira-making-the-right-call-for-your-teams-workflow-7me,"Tag: projectmanagement, Reactions: 0, Title: Linear and Jira: Making the Right Call for Your Team‚Äôs Workflow"
"AI-Powered Projects Start Here ‚Äì Generative AI in Project Management Certification prepares professionals to take advantage of the latest AI to ensure greater project success. The certification is aimed at using generative AI tools to automate mundane work, enhance decision-making with data insights, and actively manage risks. It enables project managers to streamline processes, optimize resource utilization, and encourage innovative solutions, ultimately achieving greater project efficiency and...",,,,,,Anecdotal,pattern,,,,,,,,2025-07-09,devto/projectmanagement,https://dev.to/adhiraj_kasabe_a67e5df224/ai-powered-projects-start-here-generative-ai-in-project-management-certification-1n84,"Tag: projectmanagement, Reactions: 0, Title: AI-Powered Projects Start Here ‚Äì Generative AI in Project Management Certification"
"Crafting Success: The Power of a Detailed Project Outline A well-defined project outline acts as an architectural blueprint that transforms vague objectives into structured, actionable plans, setting the stage for project success. This essential step helps avoid the pitfalls of scope creep, missed deadlines, and budget overruns, ensuring clarity, stakeholder alignment, and a clear path from inception to completion. This article delves into six distinct project outline frameworks, each tailored t...",,,,,,Anecdotal,pattern,,,,,,,,2025-07-02,devto/projectmanagement,https://dev.to/fluidwave/6-powerful-project-outline-example-templates-for-2025-9b1,"Tag: projectmanagement, Reactions: 0, Title: 6 Powerful Project Outline Example Templates for 2025"
"Mastering Project Summaries for Successful Management A well-crafted project summary is crucial in project management, serving as a strategic tool that aligns stakeholders, secures buy-in, and clearly communicates a project's purpose, scope, and objectives. Whether you're pitching to executives or applying for a grant, an effective summary can significantly influence project clarity and success. This guide explores six tailored project summary formats across various industries, providing strateg...",,,,,,Anecdotal,pattern,,,,,,,,2025-07-01,devto/projectmanagement,https://dev.to/fluidwave/6-project-summary-sample-formats-for-2025-success-1ic9,"Tag: projectmanagement, Reactions: 0, Title: 6 Project Summary Sample Formats for 2025 Success"
"üß† Introduction In public safety and marine engineering, I‚Äôve seen firsthand how last-minute compliance fixes create regret, cost, and risk. From shipyard dry docks to emergency-response software, building products without compliance baked in is a gamble ‚Äî one that too often comes at the expense of people, reputation, or lives. Through my work across engineering, operations, and SaaS development, I‚Äôve learned that compliance-first thinking isn‚Äôt just smart project management ‚Äî it‚Äôs a strategic, f...",,,,,,Anecdotal,pattern,,,,,,,,2025-06-30,devto/projectmanagement,https://dev.to/cyril_ajayi_67c25fb8beea1/why-compliance-first-thinking-should-be-built-into-every-product-lifecycle-3d72,"Tag: projectmanagement, Reactions: 0, Title: Why Compliance-First Thinking Should Be Built Into Every Product Lifecycle"
"Mastering the Art of Juggling Multiple Projects In today's fast-paced work environment, managing multiple projects simultaneously has become a necessary skill for professionals across various fields. The key to success lies not in working longer hours, but in establishing a structured approach that fosters clarity, prioritization, and effective communication. This blog post explores essential strategies to help you turn chaos into controlled progress, ensuring you stay on top of your workload wi...",,,,,,Anecdotal,pattern,,,,,,,,2025-06-26,devto/projectmanagement,https://dev.to/fluidwave/how-to-manage-multiple-projects-simultaneously-successfully-2a8,"Tag: projectmanagement, Reactions: 0, Title: How to Manage Multiple Projects Simultaneously Successfully"
"In the dynamic world of software development, choosing the right methodology is crucial for project success. Among the various approaches, the Spiral Model stands out as a powerful, risk-driven Software Development Life Cycle (SDLC) model. It ingeniously combines elements of iterative prototyping with the controlled and systematic aspects of the Waterfall model, making it particularly suited for large, complex, and high-risk software engineering projects. The Spiral Model emphasizes proactive ri...",,,,,,Anecdotal,pattern,,,,,,,,2025-06-24,devto/projectmanagement,https://dev.to/vaib/top-resources-for-mastering-the-software-engineering-spiral-model-3dml,"Tag: projectmanagement, Reactions: 0, Title: Top Resources for Mastering the Software Engineering Spiral Model"
"A practical guide to integrating ITIL and PRINCE2 frameworks, with real-world implementation insights and success strategies. Making ITIL and PRINCE2 Work Together Hey there, project and service management community! Let's talk about something that's transforming how organizations deliver and maintain IT services - the powerful combination of ITIL and PRINCE2 frameworks. Why These Frameworks Matter Together Start your ITIL journey with our comprehensive foundation course Here's what a service de...",,,,,,Anecdotal,pattern,,,,,,,,2025-06-20,devto/projectmanagement,https://dev.to/borisgigovic/itil-prince2-making-service-management-and-project-success-work-together-53kb,"Tag: projectmanagement, Reactions: 0, Title: ITIL & PRINCE2: Making Service Management and Project Success Work Together"
"HR professionals are the heart of any company, building great cultures, keeping employees happy, and helping businesses grow. To shine in this role, you need a strong set of human resources skills to handle challenges and make a big difference. This blog covers seven key skills every HR pro needs, with a focus on resource management, plus two extra strategies to boost your impact. We‚Äôll share simple, practical tips to help you become an HR superstar. Let‚Äôs jump in! Explain Resource Management Re...",,,,,,Anecdotal,pattern,,,,,,,,2025-07-24,devto/projectmanagement,https://dev.to/taskford/7-essential-skills-every-hr-professional-needs-to-excel-3h7a,"Tag: projectmanagement, Reactions: 0, Title: 7 Essential Skills Every HR Professional Needs to Excel"
"Hey there! If you‚Äôve ever been tasked with rallying an entire company around a big idea - whether it‚Äôs launching a new product, rolling out a company-wide training program, or revamping internal processes - you know it‚Äôs no small feat. However, the right tools can make or break your success. They‚Äôre like the trusty sidekick that keeps everyone on the same page and the project on track. So, let‚Äôs dive into some practical tools and tips for organizing those big, bold company initiatives in this bl...",,,,,,Anecdotal,pattern,,,,,,,,2025-07-18,devto/projectmanagement,https://dev.to/taskford/tools-for-organizing-company-wide-initiatives-53ga,"Tag: projectmanagement, Reactions: 0, Title: Tools for Organizing Company-Wide Initiatives"
"Resource management and planning professionals juggle complex tasks like allocating budgets, scheduling teams, and forecasting needs. With constant notifications, meetings, and distractions, staying focused can feel like a losing battle. Deep work offers a powerful solution, enabling you to dive into demanding tasks with clarity and precision. This guide provides a clear, practical roadmap to mastering deep work, tailored for resource management professionals, to help you boost concentration and...",,,,,,Anecdotal,pattern,,,,,,,,2025-07-22,devto/projectmanagement,https://dev.to/taskford/how-to-do-deep-work-the-right-way-to-boost-your-concentration-5ah8,"Tag: projectmanagement, Reactions: 0, Title: How to Do Deep Work The Right Way to Boost Your Concentration"
"Product roadmaps are a fact of life. They‚Äôre a good way to set strategy, and communicate progress. But without care, they can become an albatross, burdening teams under the weight of hard deadlines and sprawling interdependencies. But they don‚Äôt need to be. Sometimes you just need to know: - What‚Äôs happening now - What you think will happen next - What you‚Äôve done - What you might do later We recommend opportunity roadmaps to stay lean and adaptable. Here‚Äôs why we like them, and how we use them....",,,,,,Anecdotal,pattern,,,,,,,,2025-06-12,devto/projectmanagement,https://dev.to/measuredco/in-praise-of-opportunity-roadmaps-28fn,"Tag: projectmanagement, Reactions: 0, Title: In praise of opportunity roadmaps"
"Intro AI agents are no longer isolated helpers. They‚Äôre forming teams: content agents, optimizer agents, planning agents, retrievers. The promise is huge ‚Äî but so are the failure modes. When agent teams start optimizing for their own subgoals, you won‚Äôt notice the drift until customers do. The fix is not fear or freeze; it‚Äôs an architecture and operational discipline that treats humans as the safety fabric, not an afterthought. A short, strange truth to hold while you read Think of your system a...",,,,,,Anecdotal,pattern,,,,,,,,2025-08-13,devto/leadership,https://dev.to/martien_dejong_ede3be867/ai-machine-learning-automation-leadership-startups-technology-5ghh,"Tag: leadership, Reactions: 0, Title: AI, Machine Learning, Automation, Leadership, Startups, Technology"
"Every so often, a shift in technology changes the rules of the game for engineering leaders. Cloud computing changed the way we deploy. DevOps changed the way we ship. AI is changing the way we think. The conversation about AI usually starts with productivity ‚Äî ‚ÄúCan this tool write my code faster?‚Äù But for leaders, that‚Äôs a narrow view. The real potential isn‚Äôt just in getting features out the door. It‚Äôs in multiplying your leadership impact across the team. When adopted with intention, AI becom...",,,,,,Anecdotal,pattern,,,,,,,,2025-08-13,devto/leadership,https://dev.to/cdownard/ai-as-a-force-multiplier-for-engineering-leadership-2c2n,"Tag: leadership, Reactions: 0, Title: AI as a Force Multiplier for Engineering Leadership"
"AI systems are often fragile. When you change the model, everything breaks. That‚Äôs a problem many companies face, yet it‚Äôs rarely discussed openly. The core issue is deceptively simple. AI systems are designed to be rigid and tightly coupled to specific models. When a new model comes along, the whole system falls apart. Swapping large language models (LLMs) is not like changing a light bulb. It‚Äôs not as easy as plugging in something new and expecting everything to work. The truth is, these trans...",,,,,,Anecdotal,pattern,,,,,,,,2025-08-13,devto/leadership,https://dev.to/talweezy/how-to-design-ai-systems-that-adapt-seamlessly-to-model-updates-5h5o,"Tag: leadership, Reactions: 0, Title: How to Design AI Systems That Adapt Seamlessly to Model Updates"
"The rise of technology has transformed the traditional education system towards a more innovative, interactive and comprehensive learning environment ‚Äî online learning platforms. These digital platforms are not just simplifying the exchange of knowledge, but also catalyzing the development of crucial communication skills in students. This blog post will delve into how online learning platforms play a vital role in helping students enhance their communication skills. Innovative e-learning technol...",,,,,,Anecdotal,pattern,,,,,,,,2025-08-05,devto/leadership,https://dev.to/ghummantech/boosting-communication-skills-the-rising-impact-of-online-learning-platforms-on-student-growth-548a,"Tag: leadership, Reactions: 0, Title: Boosting Communication Skills: The Rising Impact of Online Learning Platforms on Student Growth"
"I‚Äôve been working remotely for a while now, and one thing I didn‚Äôt expect was how much decision fatigue and miscommunication can mess with your momentum. Coding from home sounds ideal until you realize you‚Äôre spending half your time figuring out what the priorities are or waiting on a message that could‚Äôve been a two-minute conversation. So I started experimenting with how I work. Here‚Äôs what helped me stay sane and productive as a developer working from home. Clear priorities save hours I used ...",,,,,,Anecdotal,pattern,,,,,,,,2025-08-04,devto/leadership,https://dev.to/joe_anthony_c718780b8bf32/what-helped-me-stay-productive-as-a-developer-on-a-remote-team-2h0p,"Tag: leadership, Reactions: 0, Title: What Helped Me Stay Productive as a Developer on a Remote Team"
"The impact of digitalization and technology has not left the education sector unscathed. Of the vast changes technology has brought to the educational landscape, online learning platforms have emerged as potent tools in shaping how we learn and grow acadically. One of the most surprising aspects of online learning has been its capacity to cultivate teamwork skills among students. This collaboration, nurtured in a digital environment, addresses the needs of the 21st Century child, preparing him o...",,,,,,Anecdotal,pattern,,,,,,,,2025-07-29,devto/leadership,https://dev.to/ghummantech/boosting-teamwork-skills-in-digital-classrooms-the-game-changing-role-of-online-learning-platforms-2ji4,"Tag: leadership, Reactions: 0, Title: Boosting Teamwork Skills in digital classrooms: The Game-Changing Role of Online Learning Platforms"
"Culture eats strategy for breakfast.‚Äù ‚Äì Peter Drucker And during Diwali, culture shows up in a gift box. As a developer-turned-content strategist, I‚Äôve seen firsthand how small, intentional gestures‚Äîlike thoughtful gifting‚Äîcan strengthen team bonds, boost morale, and show real appreciation for the people who make tech magic happen. Why Gifting Still Matters in the Dev World Let‚Äôs face it. Engineers and tech leaders rarely expect gifts‚Äîbut when done right, corporate gifting can seriously elevate ...",,,,,,Anecdotal,pattern,,,,,,,,2025-08-01,devto/leadership,https://dev.to/gaurav_d83c5245ba4fc465f2/building-better-culture-with-premium-diwali-gift-hampers-for-tech-leaders-execs-2d20,"Tag: leadership, Reactions: 0, Title: Building Better Culture with Premium Diwali Gift Hampers for Tech Leaders & Execs"
"Discover how Dearonne Bethea empowers entrepreneurs and investors with expert business strategies, leadership coaching, and wealth-building insights. Learn from a proven mentor dedicated to helping others achieve success, financial freedom, and long-term growth in business and life https://dearonnebethea.com/",,,,,,Anecdotal,pattern,,,,,,,,2025-08-01,devto/leadership,https://dev.to/dearonne001/dearonne-bethea-5dka,"Tag: leadership, Reactions: 0, Title: Dearonne Bethea"
"This week, I turn 35 on July 31st. As I pause to reflect, I feel both grateful and determined. Grateful for the people, challenges, and opportunities that have shaped me. Determined to become a better version of myself in the year ahead. My birthday goal is simple yet profound: to continuously sharpen my leadership skills. Leadership, to me, is no longer just about managing tasks or making decisions. It‚Äôs about inspiring others, adapting with purpose, and leading with empathy. In a world that sh...",,,,,,Anecdotal,pattern,,,,,,,,2025-07-28,devto/leadership,https://dev.to/victorleungtw/a-birthday-reflection-on-leadership-and-growth-3k4a,"Tag: leadership, Reactions: 0, Title: A Birthday Reflection on Leadership and Growth"
"--- title: Your name is still on it ‚Äî learning to ride the AI motorcycle without crashing published: true date: 2025-07-24 15:00:00 UTC tags: - ai - genie - roles - leadership canonical_url: https://sanitarium.se/blog/2025/07/24/your-name-is-still-on-it/ --- A colleague recently said something that‚Äôs been rattling around in my head: ‚ÄúAI gives you speed, but it doesn‚Äôt give you direction.‚Äù And the more I use these tools, the more I think that undersells the danger. I have been wondering how to th...",,,,,,Anecdotal,pattern,,,,,,,,2025-07-24,devto/leadership,https://dev.to/gaqzi/your-name-is-still-on-it-learning-to-ride-the-ai-motorcycle-without-crashing-5ajj,"Tag: leadership, Reactions: 0, Title: Your name is still on it ‚Äî learning to ride the AI motorcycle without crashing"
"I learned something powerful about leadership last year. I never told my team what to do first. We were stuck on a project that seemed impossible to finish. Instead of jumping in with solutions, I sat down with each team member. I asked what support they needed and what barriers they faced. Then I spent my time removing those obstacles for them. Our productivity increased by 60% in just two months. Great leaders don't create followers. They make more leaders. What's the most empowering thing you...",,,,,,Anecdotal,pattern,,,,,,,,2025-08-16,devto/leadership,https://dev.to/supraja_tangella_b7f0738e/-21hf,"Tag: leadership, Reactions: 1, Title: ùóüùó≤ùóÆùó±ùó≤ùóøùòÄùóµùó∂ùóΩ ùóßùóµùóÆùòÅ ùó™ùóºùóøùó∏ùòÄ"
"Last Sunday, I stood on the stage of the National University of Singapore, receiving my Master of Technology in Digital Leadership from NUS-ISS. It was a powerful moment of reflection, not just on academic achievement, but on a deeper journey I‚Äôve taken as a leader, an architect, and an individual trying to make meaningful change in a complex world. In my role as a Solution Architect in the core banking sector, I help banks transition from legacy systems to modern, cloud-native platforms. This i...",,,,,,Anecdotal,pattern,,,,,,,,2025-07-23,devto/leadership,https://dev.to/victorleungtw/how-i-learned-to-lead-influence-and-drive-change-in-a-world-that-isnt-always-fair-27m9,"Tag: leadership, Reactions: 0, Title: How I Learned to Lead, Influence, and Drive Change in a World That Isn't Always Fair"
